Sample-ID	Alias	Template	Location	IncludeInLibrary	LocationConfirmedDate	Txn	RnaseH	Linearized	Cas9	sgRNA	NtBspQI	SSBDuringTxn	SSBPostTxn	UniqueSubstrates	Bisulfite Treatment Date	PostBisulfiteRnaseH	T4LigaseRepair	PCRDate	NumCycles	Polymerase	PCRInputMassNg	ExtensionTimeMins	ExpectedAproxAmpliconSize	FWDPrimer	REVPrimer	fwdBarcode	revBarcode	FwdPrimerSeq	RevPrimerSeq	BarcodeComboIsUnique	AgaroseGelExtractionDate	PostGelExtractionConcentrationNanoDrop	TotalVolume	SampleTotalMass	PostGelExtractionConcentrationQuBit	DNAPolymeraseLot	T7LotNEB	T3LotNEB	ZymogenMethylatonKitLot	Cas9NickaseLotNEB	BsaILotNEB	ApaLILotNEB	RnaseHLotNEB	T4LigaseLotNEB	SecondaryPCRDate			SecondaryPCRForwardPrimer	SecondaryPCRReversePrimer	SecondaryPCRAgaroseGelExtractionDate	SecondartGelExtractionYeild	SecondaryPCRCycles	SecondaryPCRElutionVolume	SecondaryPCRDNAMassNg	TotalDNAMassAllPCRReactionsPooled
1	A	T7Mix	Library ready SMRF-seq box	FALSE	2-2-23	-	-	-	-	-	-	-	-	31	12/13/22	NA	NA	1-11-23	35	NEB Q5U	20	1.5	2.5	PacBioFwdV2-0	PacBioRevV2-0	CGGTTAGA	CGGTTAGA	GGCAAACGCGCCATTCGTGTCGGTTAGAAGCACTAAATCGGAACCCTAAAG	ACATTCGCGCACGTGGTGCACGGTTAGAGGCGAACTACTTACTCTAGCTTCC	TRUE	1-10-23	11.2	30	336	3.4	10166261	10117895	NA	212020	10148081	NA	NA	NA	NA		PacBioFwdV2-0	PacBioRevV2-0			0				0	336
2	C	T7Mix	Library ready SMRF-seq box	TRUE	2-2-23	+	-	-	-	-	-	-	-	31	12/13/22	NA	NA	1-8-23	30	NEB Q5U	10	1.5	2.5	PacBioFwdV2-2	PacBioRevV2-0	CGTTTCTG	CGGTTAGA	GGCAAACGCGCCATTCGTGTCGTTTCTGAGCACTAAATCGGAACCCTAAAG	ACATTCGCGCACGTGGTGCACGGTTAGAGGCGAACTACTTACTCTAGCTTCC	TRUE	1-10-23	6.1	30	183	3.21	10166261	10117895	NA	212020	10148081	NA	NA	NA	NA	2-9-23	PacBioFwdV2-2	PacBioRevV2-0	paCBioFwdV2-		2-9-23				0	183
3	E	T7Mix	Library ready SMRF-seq box	FALSE	2-2-23	+	+	-	-	-	-	-	-	31	12/13/22	NA	NA	1-8-23	30	NEB Q5U	10	1.5	2.5	PacBioFwdV2-4	PacBioRevV2-0	GGTAACAC	CGGTTAGA	GGCAAACGCGCCATTCGTGTGGTAACACAGCACTAAATCGGAACCCTAAAG	ACATTCGCGCACGTGGTGCACGGTTAGAGGCGAACTACTTACTCTAGCTTCC	TRUE	1-10-23	7.8	30	234	1.06	10166261	10117895	NA	212020	10148081	NA	NA	10150961	NA		PacBioFwdV2-4	PacBioRevV2-0			0				0	234
4	B	T7Mix	Library ready SMRF-seq box	TRUE	2-2-23	-	-	-	-	-	-	-	-	31	12/13/22	NA	NA	1-11-23	35	NEB Q5U	20	1.5	2.5	PacBioFwdV2-1	PacBioRevV2-0	CCCTCTTT	CGGTTAGA	GGCAAACGCGCCATTCGTGTCCCTCTTTAGCACTAAATCGGAACCCTAAAG	ACATTCGCGCACGTGGTGCACGGTTAGAGGCGAACTACTTACTCTAGCTTCC	TRUE	1-10-23	7.2	30	216	1.88	10166261	10117895	NA	212020	10148081	NA	NA	NA	NA	2-9-23	PacBioFwdV2-1	PacBioRevV2-0	PacBioFwdV2-1	PacBioV2RevV2-0	2-9-23	39	25	29	1131	1347
5	D	T7Mix	Library ready SMRF-seq box	TRUE	2-2-23	+	-	-	-	-	-	-	-	31	12/13/22	NA	NA	1-8-23	30	NEB Q5U	10	1.5	2.5	PacBioFwdV2-3	PacBioRevV2-0	ATGGATCG	CGGTTAGA	GGCAAACGCGCCATTCGTGTATGGATCGAGCACTAAATCGGAACCCTAAAG	ACATTCGCGCACGTGGTGCACGGTTAGAGGCGAACTACTTACTCTAGCTTCC	TRUE	1-10-23	67.9	30	2037	2.4	10166261	10117895	NA	212020	10148081	NA	NA	NA	NA		PacBioFwdV2-3	PacBioRevV2-0			0				0	2037
6	F	T7Mix	Library ready SMRF-seq box	TRUE	2-2-23	+	+	-	-	-	-	-	-	31	12/13/22	NA	NA	1-11-23	35	NEB Q5U	20	1.5	2.5	PacBioFwdV2-0	PacBioRevV2-1	CGGTTAGA	CCCTCTTT	GGCAAACGCGCCATTCGTGTCGGTTAGAAGCACTAAATCGGAACCCTAAAG	ACATTCGCGCACGTGGTGCACCCTCTTTGGCGAACTACTTACTCTAGCTTCC	TRUE	1-10-23	7.5	30	225	2.42	10166261	10117895	NA	212020	10148081	NA	NA	10150961	NA	2-9-23	PacBioFwdV2-0	PacBioRevV2-1	PacBioFwdV2-0	PacBioV2RevV2-1	2-9-23	27.5	25	29	797.5	1022.5
7	G	T7Mix	Library ready SMRF-seq box	FALSE	2-2-23	-	-	ScaI-HF	-	-	-	-	-	31	12/13/22	NA	NA	1-8-23	30	NEB Q5U	10	1.5	2.5	PacBioFwdV2-1	PacBioRevV2-1	CCCTCTTT	CCCTCTTT	GGCAAACGCGCCATTCGTGTCCCTCTTTAGCACTAAATCGGAACCCTAAAG	ACATTCGCGCACGTGGTGCACCCTCTTTGGCGAACTACTTACTCTAGCTTCC	TRUE	1-10-23	13	30	390	0.864	10166261	10117895	NA	212020	10148081	10141300	NA	NA	NA		PacBioFwdV2-1	PacBioRevV2-1			0				0	390
8	I	T7Mix	Library ready SMRF-seq box	TRUE	2-2-23	+	-	ScaI-HF	-	-	-	-	-	31	12/13/22	NA	NA	1-8-23	30	NEB Q5U	10	1.5	2.5	PacBioFwdV2-3	PacBioRevV2-1	ATGGATCG	CCCTCTTT	GGCAAACGCGCCATTCGTGTATGGATCGAGCACTAAATCGGAACCCTAAAG	ACATTCGCGCACGTGGTGCACCCTCTTTGGCGAACTACTTACTCTAGCTTCC	TRUE	1-10-23	14	30	420	4.02	10166261	10117895	NA	212020	10148081	10141300	NA	NA	NA		PacBioFwdV2-3	PacBioRevV2-1			0				0	420
9	K	T7Mix	Library ready SMRF-seq box	FALSE	2-2-23	+	+	ScaI-HF	-	-	-	-	-	31	12/13/22	NA	NA	1-8-23	30	NEB Q5U	10	1.5	2.5	PacBioFwdV2-0	PacBioRevV2-2	CGGTTAGA	CGTTTCTG	GGCAAACGCGCCATTCGTGTCGGTTAGAAGCACTAAATCGGAACCCTAAAG	ACATTCGCGCACGTGGTGCACGTTTCTGGGCGAACTACTTACTCTAGCTTCC	TRUE	1-10-23	8.1	30	243	5.06	10166261	10117895	NA	212020	10148081	10141300	NA	10150961	NA	2-9-23	PacBioFwdV2-0	PacBioRevV2-2	PacBioFwdV2-0	PacBioV2RevV2-2	2-9-23	16.5	25	29	478.5	721.5
10	H	T7Mix	Library ready SMRF-seq box	TRUE	2-2-23	-	-	ScaI-HF	-	-	-	-	-	31	12/13/22	NA	NA	1-8-23	30	NEB Q5U	10	1.5	2.5	PacBioFwdV2-2	PacBioRevV2-1	CGTTTCTG	CCCTCTTT	GGCAAACGCGCCATTCGTGTCGTTTCTGAGCACTAAATCGGAACCCTAAAG	ACATTCGCGCACGTGGTGCACCCTCTTTGGCGAACTACTTACTCTAGCTTCC	TRUE	1-10-23	15.6	30	468	4.74	10166261	10117895	NA	212020	10148081	10141300	NA	NA	NA		PacBioFwdV2-2	PacBioRevV2-1			0				0	468
11	J	T7Mix	Library ready SMRF-seq box	TRUE	2-2-23	+	-	ScaI-HF	-	-	-	-	-	31	12/13/22	NA	NA	1-8-23	30	NEB Q5U	10	1.5	2.5	PacBioFwdV2-4	PacBioRevV2-1	GGTAACAC	CCCTCTTT	GGCAAACGCGCCATTCGTGTGGTAACACAGCACTAAATCGGAACCCTAAAG	ACATTCGCGCACGTGGTGCACCCTCTTTGGCGAACTACTTACTCTAGCTTCC	TRUE	1-10-23	11.4	30	342	3.74	10166261	10117895	NA	212020	10148081	10141300	NA	NA	NA		PacBioFwdV2-4	PacBioRevV2-1			0				0	342
12	L	T7Mix	Library ready SMRF-seq box	TRUE	2-2-23	+	+	ScaI-HF	-	-	-	-	-	31	12/13/22	NA	NA	1-8-23	30	NEB Q5U	10	1.5	2.5	PacBioFwdV2-1	PacBioRevV2-2	CCCTCTTT	CGTTTCTG	GGCAAACGCGCCATTCGTGTCCCTCTTTAGCACTAAATCGGAACCCTAAAG	ACATTCGCGCACGTGGTGCACGTTTCTGGGCGAACTACTTACTCTAGCTTCC	TRUE	1-10-23	7.6	30	228	2.5	10166261	10117895	NA	212020	10148081	10141300	NA	10150961	NA	2-9-23	PacBioFwdV2-1	PacBioRevV2-2			2-9-23	25.5	25	29	739.5	967.5
13	1	pFC9	Library ready SMRF-seq box	TRUE	2-2-23	-	-	BsaI-HF	-	-	-	-	-	1	12/15/22	12-17-22	12-17-22→12-18-22	1-4-23	35	NEB Q5U	10	1.5	2.5	PacBioFwdV2-0	PacBioRevV2-24-P9	CGGTTAGA	CACCTATG	GGCAAACGCGCCATTCGTGTCGGTTAGAAGCACTAAATCGGAACCCTAAAG	ACATTCGCGCACGTGGTGCACACCTATGTCTCATGACCAAAATCCCTTAACG	TRUE	1-4-23	19.7	25	492.5	10.5	10166261	10117895	NA	212020	10148081	10156743	NA	NA	10141840		PacBioFwdV2-0	PacBioRevV2-24-P9			0				0	492.5
14	2	pFC9	Library ready SMRF-seq box	TRUE	2-2-23	+	-	BsaI-HF	-	-	-	-	-	1	12/15/22	12-17-22	12-17-22→12-18-22	1-4-23	35	NEB Q5U	10	1.5	2.5	PacBioFwdV2-1	PacBioRevV2-24-P9	CCCTCTTT	CACCTATG	GGCAAACGCGCCATTCGTGTCCCTCTTTAGCACTAAATCGGAACCCTAAAG	ACATTCGCGCACGTGGTGCACACCTATGTCTCATGACCAAAATCCCTTAACG	TRUE	1-4-23	13.9	25	347.5	10.6	10166261	10117895	NA	212020	10148081	10156743	NA	NA	10141840		PacBioFwdV2-1	PacBioRevV2-24-P9			0				0	347.5
15	3	pFC9	Library ready SMRF-seq box	TRUE	2-2-23	+	+	BsaI-HF	-	-	-	-	-	1	12/15/22	12-17-22	12-17-22→12-18-22	1-4-23	35	NEB Q5U	10	1.5	2.5	PacBioFwdV2-2	PacBioRevV2-24-P9	CGTTTCTG	CACCTATG	GGCAAACGCGCCATTCGTGTCGTTTCTGAGCACTAAATCGGAACCCTAAAG	ACATTCGCGCACGTGGTGCACACCTATGTCTCATGACCAAAATCCCTTAACG	TRUE	1-4-23	19.1	25	477.5	12.7	10166261	10117895	NA	212020	10148081	10156743	NA	10150961	10141840		PacBioFwdV2-2	PacBioRevV2-24-P9			0				0	477.5
16	4	pFC9	Library ready SMRF-seq box	TRUE	2-2-23	-	-	BsaI-HF	+	-	-	-	-	1	12/15/22	12-17-22	12-17-22→12-18-22	1-4-23	35	NEB Q5U	10	1.5	2.5	PacBioFwdV2-3	PacBioRevV2-24-P9	ATGGATCG	CACCTATG	GGCAAACGCGCCATTCGTGTATGGATCGAGCACTAAATCGGAACCCTAAAG	ACATTCGCGCACGTGGTGCACACCTATGTCTCATGACCAAAATCCCTTAACG	TRUE	1-4-23	21.3	25	532.5	9.7	10166261	10117895	NA	212020	10148081	10156743	NA	NA	10141840		PacBioFwdV2-3	PacBioRevV2-24-P9			0				0	532.5
17	5	pFC9	Library ready SMRF-seq box	TRUE	2-2-23	+	-	BsaI-HF	+	-	-	-	-	1	12/15/22	12-17-22	12-17-22→12-18-22	1-4-23	35	NEB Q5U	10	1.5	2.5	PacBioFwdV2-4	PacBioRevV2-24-P9	GGTAACAC	CACCTATG	GGCAAACGCGCCATTCGTGTGGTAACACAGCACTAAATCGGAACCCTAAAG	ACATTCGCGCACGTGGTGCACACCTATGTCTCATGACCAAAATCCCTTAACG	TRUE	1-4-23	31	25	775	10.9	10166261	10117895	NA	212020	10148081	10156743	NA	NA	10141840		PacBioFwdV2-4	PacBioRevV2-24-P9			0				0	775
18	6	pFC9	Library ready SMRF-seq box	TRUE	2-2-23	+	+	BsaI-HF	+	-	-	-	-	1	12/15/22	12-17-22	12-17-22→12-18-22	1-4-23	35	NEB Q5U	10	1.5	2.5	PacBioFwdV2-0	PacBioRevV2-26-P9	CGGTTAGA	CTTGGCTT	GGCAAACGCGCCATTCGTGTCGGTTAGAAGCACTAAATCGGAACCCTAAAG	ACATTCGCGCACGTGGTGCACTTGGCTTTCTCATGACCAAAATCCCTTAACG	TRUE	1-4-23	29	25	725	14.7	10166261	10117895	NA	212020	10148081	10156743	NA	10150961	10141840		PacBioFwdV2-0	PacBioRevV2-26-P9			0				0	725
19	7	pFC9	Library ready SMRF-seq box	TRUE	2-2-23	-	-	BsaI-HF	+	8	-	-	-	1	12/15/22	12-17-22	12-17-22→12-18-22	1-12-23	35	NEB Q5U	20	1.5	2.5	PacBioFwdV2-1	PacBioRevV2-26-P9	CCCTCTTT	CTTGGCTT	GGCAAACGCGCCATTCGTGTCCCTCTTTAGCACTAAATCGGAACCCTAAAG	ACATTCGCGCACGTGGTGCACTTGGCTTTCTCATGACCAAAATCCCTTAACG	TRUE	1-10-23	35	30	1050	14.7	10166261	10117895	NA	212020	10148081	10156743	NA	NA	10141840		PacBioFwdV2-1	PacBioRevV2-26-P9			0				0	1050
20	8	pFC9	Library ready SMRF-seq box	TRUE	2-2-23	+	-	BsaI-HF	+	8	-	-	-	1	12/15/22	12-17-22	12-17-22→12-18-22	1-11-12	35	NEB Q5U	10	1.5	2.5	PacBioFwdV2-2	PacBioRevV2-26-P9	CGTTTCTG	CTTGGCTT	GGCAAACGCGCCATTCGTGTCGTTTCTGAGCACTAAATCGGAACCCTAAAG	ACATTCGCGCACGTGGTGCACTTGGCTTTCTCATGACCAAAATCCCTTAACG	TRUE	1-11-23	15.9	30	477	7.52	10166261	10117895	NA	212020	10148081	10156743	NA	NA	10141840		PacBioFwdV2-2	PacBioRevV2-26-P9			0				0	477
21	9	pFC9	Library ready SMRF-seq box	TRUE	2-2-23	+	+	BsaI-HF	+	8	-	-	-	1	12/15/22	12-17-22	12-17-22→12-18-22	1-8-23	30	NEB Q5U	10	1.5	2.5	PacBioFwdV2-3	PacBioRevV2-26-P9	ATGGATCG	CTTGGCTT	GGCAAACGCGCCATTCGTGTATGGATCGAGCACTAAATCGGAACCCTAAAG	ACATTCGCGCACGTGGTGCACTTGGCTTTCTCATGACCAAAATCCCTTAACG	TRUE	1-10-23	25	30	750	2.58	10166261	10117895	NA	212020	10148081	10156743	NA	10150961	10141840		PacBioFwdV2-3	PacBioRevV2-26-P9			0				0	750
22	10	pFC9	Library ready SMRF-seq box	TRUE	2-2-23	-	-	BsaI-HF	+	11	-	-	-	1	12/15/22	12-17-22	12-17-22→12-18-22	1-11-23	35	NEB Q5U	10	1.5	2.5	PacBioFwdV2-4	PacBioRevV2-26-P9	GGTAACAC	CTTGGCTT	GGCAAACGCGCCATTCGTGTGGTAACACAGCACTAAATCGGAACCCTAAAG	ACATTCGCGCACGTGGTGCACTTGGCTTTCTCATGACCAAAATCCCTTAACG	TRUE	1-10-23	14.6	30	438	9.34	10166261	10117895	NA	212020	10148081	10156743	NA	NA	10141840		PacBioFwdV2-4	PacBioRevV2-26-P9			0				0	438
23	11	pFC9	Library ready SMRF-seq box	TRUE	2-2-23	+	-	BsaI-HF	+	11	-	-	-	1	12/15/22	12-17-22	12-17-22→12-18-22	1-11-23	35	NEB Q5U	10	1.5	2.5	PacBioFwdV2-0	PacBioRevV2-27-P9	CGGTTAGA	ATTGCTGG	GGCAAACGCGCCATTCGTGTCGGTTAGAAGCACTAAATCGGAACCCTAAAG	ACATTCGCGCACGTGGTGCAATTGCTGGTCTCATGACCAAAATCCCTTAACG	TRUE	1-10-23	10.8	30	324	8.4	10166261	10117895	NA	212020	10148081	10156743	NA	NA	10141840		PacBioFwdV2-0	PacBioRevV2-27-P9			0				0	324
24	12	pFC9	Library ready SMRF-seq box	TRUE	2-2-23	+	+	BsaI-HF	+	11	-	-	-	1	12/15/22	12-17-22	12-17-22→12-18-22	1-11-23	35	NEB Q5U	10	1.5	2.5	PacBioFwdV2-1	PacBioRevV2-27-P9	CCCTCTTT	ATTGCTGG	GGCAAACGCGCCATTCGTGTCCCTCTTTAGCACTAAATCGGAACCCTAAAG	ACATTCGCGCACGTGGTGCAATTGCTGGTCTCATGACCAAAATCCCTTAACG	TRUE	1-10-23	11.3	30	339	8.32	10166261	10117895	NA	212020	10148081	10156743	NA	10150961	10141840		PacBioFwdV2-1	PacBioRevV2-27-P9			0				0	339
25	13	pFC9	Library ready SMRF-seq box	TRUE	2-2-23	-	-	BsaI-HF	+	14	-	-	-	1	12/15/22	12-17-22	12-17-22→12-18-22	1-11-23	35	NEB Q5U	10	1.5	2.5	PacBioFwdV2-2	PacBioRevV2-27-P9	CGTTTCTG	ATTGCTGG	GGCAAACGCGCCATTCGTGTCGTTTCTGAGCACTAAATCGGAACCCTAAAG	ACATTCGCGCACGTGGTGCAATTGCTGGTCTCATGACCAAAATCCCTTAACG	TRUE	1-10-23	12.3	30	369	2.3	10166261	10117895	NA	212020	10148081	10156743	NA	NA	10141840		PacBioFwdV2-2	PacBioRevV2-27-P9			0				0	369
26	14	pFC9	Library ready SMRF-seq box	TRUE	2-2-23	+	-	BsaI-HF	+	14	-	-	-	1	12/15/22	12-17-22	12-17-22→12-18-22	1-8-23	30	NEB Q5U	10	1.5	2.5	PacBioFwdV2-3	PacBioRevV2-27-P9	ATGGATCG	ATTGCTGG	GGCAAACGCGCCATTCGTGTATGGATCGAGCACTAAATCGGAACCCTAAAG	ACATTCGCGCACGTGGTGCAATTGCTGGTCTCATGACCAAAATCCCTTAACG	TRUE	1-10-23	8.5	30	255	6.58	10166261	10117895	NA	212020	10148081	10156743	NA	NA	10141840		PacBioFwdV2-3	PacBioRevV2-27-P9			0				0	255
27	15	pFC9	Library ready SMRF-seq box	TRUE	2-2-23	+	+	BsaI-HF	+	14	-	-	-	1	12/15/22	12-17-22	12-17-22→12-18-22	1-8-23	30	NEB Q5U	10	1.5	2.5	PacBioFwdV2-4	PacBioRevV2-27-P9	GGTAACAC	ATTGCTGG	GGCAAACGCGCCATTCGTGTGGTAACACAGCACTAAATCGGAACCCTAAAG	ACATTCGCGCACGTGGTGCAATTGCTGGTCTCATGACCAAAATCCCTTAACG	TRUE	1-10-23	10.8	30	324	8.7	10166261	10117895	NA	212020	10148081	10156743	NA	10150961	10141840		PacBioFwdV2-4	PacBioRevV2-27-P9			0				0	324
28	T1	T3TermMix	Library ready SMRF-seq box	TRUE	2-2-23	-	-	-	-	-	-	-	-	31	12/13/22	NA	NA	1-11-23	35	NEB Q5U	20	1.5	2.5	PacBioFwdV2-0	PacBioRevV2-3	CGGTTAGA	ATGGATCG	GGCAAACGCGCCATTCGTGTCGGTTAGAAGCACTAAATCGGAACCCTAAAG	ACATTCGCGCACGTGGTGCAATGGATCGGGCGAACTACTTACTCTAGCTTCC	TRUE	1-11-23	9.1	30	273	8.62	10166261	NA	10153914	212020	10148081	NA	NA	NA	NA		PacBioFwdV2-0	PacBioRevV2-3			0				0	273
29	T2	T3TermMix	Library ready SMRF-seq box	TRUE	2-2-23	+	-	-	-	-	-	-	-	31	12/13/22	NA	NA	1-11-23	35	NEB Q5U	20	1.5	2.5	PacBioFwdV2-1	PacBioRevV2-3	CCCTCTTT	ATGGATCG	GGCAAACGCGCCATTCGTGTCCCTCTTTAGCACTAAATCGGAACCCTAAAG	ACATTCGCGCACGTGGTGCAATGGATCGGGCGAACTACTTACTCTAGCTTCC	TRUE	1-11-23	9.8	30	294	11.6	10166261	NA	10153914	212020	10148081	NA	NA	NA	NA		PacBioFwdV2-1	PacBioRevV2-3			0				0	294
30	T3	T3TermMix	Library ready SMRF-seq box	TRUE	2-2-23	+	+	-	-	-	-	-	-	31	12/13/22	NA	NA	1-11-23	35	NEB Q5U	20	1.5	2.5	PacBioFwdV2-2	PacBioRevV2-3	CGTTTCTG	ATGGATCG	GGCAAACGCGCCATTCGTGTCGTTTCTGAGCACTAAATCGGAACCCTAAAG	ACATTCGCGCACGTGGTGCAATGGATCGGGCGAACTACTTACTCTAGCTTCC	TRUE	1-11-23	8.3	30	249	18.2	10166261	NA	10153914	212020	10148081	NA	NA	10150961	NA		PacBioFwdV2-2	PacBioRevV2-3			0				0	249
31	T4	T3TermMix	Library ready SMRF-seq box	TRUE	2-2-23	-	-	PsiI-HF	-	-	-	-	-	31	12/13/22	NA	NA	1-11-23	35	NEB Q5U	20	1.5	2.5	PacBioFwdV2-3	PacBioRevV2-3	ATGGATCG	ATGGATCG	GGCAAACGCGCCATTCGTGTATGGATCGAGCACTAAATCGGAACCCTAAAG	ACATTCGCGCACGTGGTGCAATGGATCGGGCGAACTACTTACTCTAGCTTCC	TRUE	1-11-23	14.1	30	423	23.8	10166261	NA	10153914	212020	10148081	10150961	NA	NA	NA		PacBioFwdV2-3	PacBioRevV2-3			0				0	423
32	T5	T3TermMix	Library ready SMRF-seq box	TRUE	2-2-23	+	-	PsiI-HF	-	-	-	-	-	31	12/13/22	NA	NA	1-11-23	35	NEB Q5U	20	1.5	2.5	PacBioFwdV2-4	PacBioRevV2-3	GGTAACAC	ATGGATCG	GGCAAACGCGCCATTCGTGTGGTAACACAGCACTAAATCGGAACCCTAAAG	ACATTCGCGCACGTGGTGCAATGGATCGGGCGAACTACTTACTCTAGCTTCC	TRUE	1-11-23	12.5	30	375	18.7	10166261	NA	10153914	212020	10148081	10150961	NA	NA	NA		PacBioFwdV2-4	PacBioRevV2-3			0				0	375
33	T6	T3TermMix	Library ready SMRF-seq box	TRUE	2-2-23	+	+	PsiI-HF	-	-	-	-	-	31	12/13/22	NA	NA	1-11-23	35	NEB Q5U	20	1.5	2.5	PacBioFwdV2-0	PacBioRevV2-4	CGGTTAGA	GGTAACAC	GGCAAACGCGCCATTCGTGTCGGTTAGAAGCACTAAATCGGAACCCTAAAG	ACATTCGCGCACGTGGTGCAGGTAACACGGCGAACTACTTACTCTAGCTTCC	TRUE	1-11-23	16	30	480	27.4	10166261	NA	10153914	212020	10148081	10150961	NA	10150961	NA		PacBioFwdV2-0	PacBioRevV2-4			0				0	480
34	C1	pFC9	Library ready SMRF-seq box	TRUE	2-2-23	-	-	BsaI-HF	+	13	-	-	-	1	01/26/23	1-27-23	1-27-23→1-28-23	1-28-23	35	NEB Q5U	20	1.5	2.5	PacBioFwdV2-0	PacBioRevV2-25-P9	CGGTTAGA	ACGGAACA	GGCAAACGCGCCATTCGTGTCGGTTAGAAGCACTAAATCGGAACCCTAAAG	ACATTCGCGCACGTGGTGCAACGGAACATCTCATGACCAAAATCCCTTAACG	TRUE	1-28-23	32.7	29	981	15.5	10166261	10117895	NA	212020	10148081	10156743	NA	NA	10141840		PacBioFwdV2-0	PacBioRevV2-25-P9			0				0	981
35	C2	pFC9	Library ready SMRF-seq box	TRUE	2-2-23	+	+	BsaI-HF	+	13	-	-	-	1	01/26/23	1-27-23	1-27-23→1-28-23	1-28-23	35	NEB Q5U	20	1.5	2.5	PacBioFwdV2-1	PacBioRevV2-25-P9	CCCTCTTT	ACGGAACA	GGCAAACGCGCCATTCGTGTCCCTCTTTAGCACTAAATCGGAACCCTAAAG	ACATTCGCGCACGTGGTGCAACGGAACATCTCATGACCAAAATCCCTTAACG	TRUE	1-28-23	39.3	29	1179	26	10166261	10117895	NA	212020	10148081	10156743	NA	10150961	10141840		PacBioFwdV2-1	PacBioRevV2-25-P9			0				0	1179
36	C3	pFC9	Library ready SMRF-seq box	TRUE	2-2-23	+	+	BsaI-HF	+	13	-	-	-	1	01/26/23	1-27-23	1-27-23→1-28-23	1-28-23	35	NEB Q5U	20	1.5	2.5	PacBioFwdV2-2	PacBioRevV2-25-P9	CGTTTCTG	ACGGAACA	GGCAAACGCGCCATTCGTGTCGTTTCTGAGCACTAAATCGGAACCCTAAAG	ACATTCGCGCACGTGGTGCAACGGAACATCTCATGACCAAAATCCCTTAACG	TRUE	1-28-23	40.7	29	1221	30.2	10166261	10117895	NA	212020	10148081	10156743	NA	10150961	10141840		PacBioFwdV2-2	PacBioRevV2-25-P9			0				0	1221
37	C4	pFC9	Library ready SMRF-seq box	TRUE	2-2-23	+	-	BsaI-HF	+	13	-	-	-	1	01/26/23	1-27-23	1-27-23→1-28-23	1-28-23	35	NEB Q5U	20	1.5	2.5	PacBioFwdV2-3	PacBioRevV2-25-P9	ATGGATCG	ACGGAACA	GGCAAACGCGCCATTCGTGTATGGATCGAGCACTAAATCGGAACCCTAAAG	ACATTCGCGCACGTGGTGCAACGGAACATCTCATGACCAAAATCCCTTAACG	TRUE	1-28-23	16.4	29	492	11.3	10166261	10117895	NA	212020	10148081	10156743	NA	NA	10141840		PacBioFwdV2-3	PacBioRevV2-25-P9			0				0	492
38	C5	pFC9	Library ready SMRF-seq box	TRUE	2-2-23	+	-	BsaI-HF	+	13	-	-	-	1	01/26/23	1-27-23	1-27-23→1-28-23	1-28-23	35	NEB Q5U	20	1.5	2.5	PacBioFwdV2-4	PacBioRevV2-25-P9	GGTAACAC	ACGGAACA	GGCAAACGCGCCATTCGTGTGGTAACACAGCACTAAATCGGAACCCTAAAG	ACATTCGCGCACGTGGTGCAACGGAACATCTCATGACCAAAATCCCTTAACG	TRUE	1-28-23	36.2	29	1086	22.4	10166261	10117895	NA	212020	10148081	10156743	NA	NA	10141840		PacBioFwdV2-4	PacBioRevV2-25-P9			0				0	1086
39	pfc53 ApaLI Untrxn+SSB	pFC53	SMRF-seq Validated Box	TRUE	2-6-23	-	-	ApaLI	-	-	-	+	-	1	02/01/22	NA	NA	2-7-23	30	NEB Q5U	30	1	2.2	PacBioFwdV2-5	PacBioRevV2-15-AplI	CAAGCAGA	ATTGAGCC	GGCAAACGCGCCATTCGTGTCAAGCAGAAGCACTAAATCGGAACCCTAAAG	ACATTCGCGCACGTGGTGCAattgagccCTACACCGAACTGAGATACCTACA	TRUE	2-7-23	36.2	29	1086	24	10166261	NA	10153914	211651	NA	NA	0401603	10150795	NA		PacBioFwdV2-5	PacBioRevV2-15-AplI			0				0	1086
40	pfc53 ApaLI Trxn+During SSB	pFC53	SMRF-seq Validated Box	TRUE	2-6-23	+	-	ApaLI	-	-	-	+	-	1	02/01/22	NA	NA	2-7-23	30	NEB Q5U	30	1	2.2	PacBioFwdV2-6	PacBioRevV2-15-AplI	ACCTCAGT	ATTGAGCC	GGCAAACGCGCCATTCGTGTACCTCAGTAGCACTAAATCGGAACCCTAAAG	ACATTCGCGCACGTGGTGCAattgagccCTACACCGAACTGAGATACCTACA	TRUE	2-7-23	33	29	990	13.7	10166261	NA	10153914	211651	NA	NA	0401603	10150795	NA		PacBioFwdV2-6	PacBioRevV2-15-AplI			0				0	990
41	pfc53 ApaLI Trxn+Post SSB	pFC53	SMRF-seq Validated Box	TRUE	2-6-23	+	-	ApaLI	-	-	-	-	+	1	02/01/22	NA	NA	2-7-23	30	NEB Q5U	30	1	2.2	PacBioFwdV2-7	PacBioRevV2-15-AplI	TTGGCGAA	ATTGAGCC	GGCAAACGCGCCATTCGTGTTTGGCGAAAGCACTAAATCGGAACCCTAAAG	ACATTCGCGCACGTGGTGCAattgagccCTACACCGAACTGAGATACCTACA	TRUE	2-7-23	31.2	29	936	21	10166261	NA	10153914	211651	NA	NA	0401603	10150795	NA		PacBioFwdV2-7	PacBioRevV2-15-AplI			0				0	936
42	pfc53 ApaLI Trxn+During SSB+RNaseH	pFC53	SMRF-seq Validated Box	TRUE	2-6-23	+	+	ApaLI	-	-	-	+	-	1	02/01/22	NA	NA	2-7-23	30	NEB Q5U	30	1	2.2	PacBioFwdV2-8	PacBioRevV2-15-AplI	CCATGATG	ATTGAGCC	GGCAAACGCGCCATTCGTGTCCATGATGAGCACTAAATCGGAACCCTAAAG	ACATTCGCGCACGTGGTGCAattgagccCTACACCGAACTGAGATACCTACA	TRUE	2-7-23	33.8	29	1014	25.4	10166261	NA	10153914	211651	NA	NA	0401603	10150795	NA		PacBioFwdV2-8	PacBioRevV2-15-AplI			0				0	1014
43	pfc9 ApaLI Untrxn+SSB	pFC9	SMRF-seq Validated Box	TRUE	2-6-23	-	-	ApaLI	-	-	-	+	-	1	02/01/22	NA	NA	2-7-23	30	NEB Q5U	30	1	1.7	PacBioFwdV2-5	PacBioRevV2-16-AplI	CAAGCAGA	TCTTTGGC	GGCAAACGCGCCATTCGTGTCAAGCAGAAGCACTAAATCGGAACCCTAAAG	ACATTCGCGCACGTGGTGCAtctttggcCTACACCGAACTGAGATACCTACA	TRUE	2-7-23	48	29	1440	21.4	10166261	10117895	NA	211651	NA	NA	0401603	10150795	NA		PacBioFwdV2-5	PacBioRevV2-16-AplI			0				0	1440
44	pfc9 ApaLI Trxn+During SSB	pFC9	SMRF-seq Validated Box	TRUE	2-6-23	+	-	ApaLI	-	-	-	+	-	1	02/01/22	NA	NA	2-7-23	30	NEB Q5U	30	1	1.7	PacBioFwdV2-6	PacBioRevV2-16-AplI	ACCTCAGT	TCTTTGGC	GGCAAACGCGCCATTCGTGTACCTCAGTAGCACTAAATCGGAACCCTAAAG	ACATTCGCGCACGTGGTGCAtctttggcCTACACCGAACTGAGATACCTACA	TRUE	2-7-23	38	29	1140	25	10166261	10117895	NA	211651	NA	NA	0401603	10150795	NA		PacBioFwdV2-6	PacBioRevV2-16-AplI			0				0	1140
45	pfc9 ApaLI Trxn+Post SSB	pFC9	SMRF-seq Validated Box	TRUE	2-6-23	+	-	ApaLI	-	-	-	-	+	1	02/01/22	NA	NA	2-7-23	30	NEB Q5U	30	1	1.7	PacBioFwdV2-7	PacBioRevV2-16-AplI	TTGGCGAA	TCTTTGGC	GGCAAACGCGCCATTCGTGTTTGGCGAAAGCACTAAATCGGAACCCTAAAG	ACATTCGCGCACGTGGTGCAtctttggcCTACACCGAACTGAGATACCTACA	TRUE	2-7-23	45.3	29	1359	26.4	10166261	10117895	NA	211651	NA	NA	0401603	10150795	NA		PacBioFwdV2-7	PacBioRevV2-16-AplI			0				0	1359
46	pfc9 ApaLI Trxn+During SSB+RNaseH	pFC9	SMRF-seq Validated Box	TRUE	2-6-23	+	+	ApaLI	-	-	-	+	-	1	02/01/22	NA	NA	2-7-23	30	NEB Q5U	30	1	1.7	PacBioFwdV2-8	PacBioRevV2-16-AplI	CCATGATG	TCTTTGGC	GGCAAACGCGCCATTCGTGTCCATGATGAGCACTAAATCGGAACCCTAAAG	ACATTCGCGCACGTGGTGCAtctttggcCTACACCGAACTGAGATACCTACA	TRUE	2-7-23	50	29	1500	32.6	10166261	10117895	NA	211651	NA	NA	0401603	10150795	NA		PacBioFwdV2-8	PacBioRevV2-16-AplI			0				0	1500
47	T7init VR-20 ApaLI Untrxn+SSB	pFC9	SMRF-seq Validated Box	TRUE	2-6-23	-	-	ApaLI	-	-	-	+	-	1	2/03/22	NA	NA	2-7-23	30	NEB Q5U	30	1	1.5	PacBioFwdV2-5	PacBioRevV2-17-AplI	CAAGCAGA	TATGGGGA	GGCAAACGCGCCATTCGTGTCAAGCAGAAGCACTAAATCGGAACCCTAAAG	ACATTCGCGCACGTGGTGCAtatggggaCTACACCGAACTGAGATACCTACA	TRUE	2-7-23	59.6	29	1788	38.6	10166261	10117895	NA	219508	NA	NA	10149194	10150795	NA		PacBioFwdV2-5	PacBioRevV2-17-AplI			0				0	1788
48	T7init VR-20 ApaLI Trxn+During SSB	pFC9	SMRF-seq Validated Box	TRUE	2-6-23	+	-	ApaLI	-	-	-	+	-	1	2/03/22	NA	NA	2-7-23	30	NEB Q5U	30	1	1.5	PacBioFwdV2-6	PacBioRevV2-17-AplI	ACCTCAGT	TATGGGGA	GGCAAACGCGCCATTCGTGTACCTCAGTAGCACTAAATCGGAACCCTAAAG	ACATTCGCGCACGTGGTGCAtatggggaCTACACCGAACTGAGATACCTACA	TRUE	2-7-23	67.2	29	2016	33.6	10166261	10117895	NA	219508	NA	NA	10149194	10150795	NA		PacBioFwdV2-6	PacBioRevV2-17-AplI			0				0	2016
49	T7init VR-20 ApaLI Trxn+Post SSB	pFC9	SMRF-seq Validated Box	TRUE	2-6-23	+	-	ApaLI	-	-	-	-	+	1	2/03/22	NA	NA	2-7-23	30	NEB Q5U	30	1	1.5	PacBioFwdV2-7	PacBioRevV2-17-AplI	TTGGCGAA	TATGGGGA	GGCAAACGCGCCATTCGTGTTTGGCGAAAGCACTAAATCGGAACCCTAAAG	ACATTCGCGCACGTGGTGCAtatggggaCTACACCGAACTGAGATACCTACA	TRUE	2-7-23	65.2	29	1956	38.6	10166261	10117895	NA	219508	NA	NA	10149194	10150795	NA		PacBioFwdV2-7	PacBioRevV2-17-AplI			0				0	1956
50	T7init VR-20 ApaLI Trxn+During SSB+RNaseH	pFC9	SMRF-seq Validated Box	TRUE	2-6-23	+	+	ApaLI	-	-	-	+	-	1	2/03/22	NA	NA	2-7-23	30	NEB Q5U	30	1	1.5	PacBioFwdV2-8	PacBioRevV2-17-AplI	CCATGATG	TATGGGGA	GGCAAACGCGCCATTCGTGTCCATGATGAGCACTAAATCGGAACCCTAAAG	ACATTCGCGCACGTGGTGCAtatggggaCTACACCGAACTGAGATACCTACA	TRUE	2-7-23	43.9	29	1317	33	10166261	10117895	NA	219508	NA	NA	10149194	10150795	NA		PacBioFwdV2-8	PacBioRevV2-17-AplI			0				0	1317
51	T7init VR-10 ApaLI Untrxn+SSB	pFC9	SMRF-seq Validated Box	TRUE	2-6-23	-	-	ApaLI	-	-	-	+	-	1	2/03/22	NA	NA	2-7-23	30	NEB Q5U	30	1	1.5	PacBioFwdV2-5	PacBioRevV2-18-AplI	CAAGCAGA	TACGCAAG	GGCAAACGCGCCATTCGTGTCAAGCAGAAGCACTAAATCGGAACCCTAAAG	ACATTCGCGCACGTGGTGCAtacgcaagCTACACCGAACTGAGATACCTACA	TRUE	2-7-23	51.8	29	1554	40.8	10166261	10117895	NA	219508	NA	NA	10149194	10150795	NA		PacBioFwdV2-5	PacBioRevV2-18-AplI			0				0	1554
52	T7init VR-10 ApaLI Trxn+During SSB	pFC9	SMRF-seq Validated Box	TRUE	2-6-23	+	-	ApaLI	-	-	-	+	-	1	2/03/22	NA	NA	2-7-23	30	NEB Q5U	30	1	1.5	PacBioFwdV2-6	PacBioRevV2-18-AplI	ACCTCAGT	TACGCAAG	GGCAAACGCGCCATTCGTGTACCTCAGTAGCACTAAATCGGAACCCTAAAG	ACATTCGCGCACGTGGTGCAtacgcaagCTACACCGAACTGAGATACCTACA	TRUE	2-7-23	49.1	29	1473	38.2	10166261	10117895	NA	219508	NA	NA	10149194	10150795	NA		PacBioFwdV2-6	PacBioRevV2-18-AplI			0				0	1473
53	T7init VR-10 ApaLI Trxn+Post SSB	pFC9	SMRF-seq Validated Box	TRUE	2-6-23	+	-	ApaLI	-	-	-	-	+	1	2/03/22	NA	NA	2-7-23	30	NEB Q5U	30	1	1.5	PacBioFwdV2-7	PacBioRevV2-18-AplI	TTGGCGAA	TACGCAAG	GGCAAACGCGCCATTCGTGTTTGGCGAAAGCACTAAATCGGAACCCTAAAG	ACATTCGCGCACGTGGTGCAtacgcaagCTACACCGAACTGAGATACCTACA	TRUE	2-7-23	39.4	29	1182	26.2	10166261	10117895	NA	219508	NA	NA	10149194	10150795	NA		PacBioFwdV2-7	PacBioRevV2-18-AplI			0				0	1182
54	T7init VR-10 ApaLI Trxn+During SSB+RNaseH	pFC9	SMRF-seq Validated Box	TRUE	2-6-23	+	+	ApaLI	-	-	-	+	-	1	2/03/22	NA	NA	2-7-23	30	NEB Q5U	30	1	1.5	PacBioFwdV2-8	PacBioRevV2-18-AplI	CCATGATG	TACGCAAG	GGCAAACGCGCCATTCGTGTCCATGATGAGCACTAAATCGGAACCCTAAAG	ACATTCGCGCACGTGGTGCAtacgcaagCTACACCGAACTGAGATACCTACA	TRUE	2-7-23	55.9	29	1677	32.3	10166261	10117895	NA	219508	NA	NA	10149194	10150795	NA		PacBioFwdV2-8	PacBioRevV2-18-AplI			0				0	1677
